Crotal;Dep;10-12-25;Estado ;30-12-25;Estado ;13-01-26;Estado;03-02-26;ESTADO;24-02-26;ESTADO;02-03-26;ESTADO;06-03-26;ESTADO
8071093;20;;;;;2,8;Cosechada;;;;;;;;
8071147;34;2,6;;2,7;;2,8;;2,9;Cosechada;;;;;;
8072129;34;2,4;;;;2,4;;;;;;;;2,9;por
8073997;61;2,9;Cosechada;;;;;;;;;;;;
8074292;20;2,6;;2,8;Cosechada;;;;;;;;;;
8251424;42;2,8;Cosechada;;;;;;;;;;;;
8251528;29;;;;;2,5;;;;3,2;BARRO;;;2,8;por
8251643;35;2,9;Cosechada;;;;;;;;;;;;
8251721;28;;;;;2,8;Cosechada;;;;;;;;
8252080;42;2,4;;;;2,5;;;;;;2,7;;2,7;
8252234;50;2,7;;2,8;Cosechada;;;;;;;;;;
8252375;29;2,5;;;;2,5;;;;;;3;Cosechada;;
8252407;22;;;;;2,8;;;;;;;;2,9;por
8252422;37;2,6;;2,7;;2,9;Cosechada;;;;;;;;
8252516;49;2,7;;2,8;Cosechada;;;;;;;;;;
8252680;35;2,8;Cosechada;;;;;;;;;;;;
8070D1D;42;2,7;;2,7;;2,8;;;;3;Cosechada;;;;
8070E0F;29;;;2,6;;;;;;3;BARRO;;;;
8071B67;33;;;;;2,5;;;;;;;;2,8;por
8071CF0;30;;;;;;;2,9;Cosechada;;;;;;
8071D05;29;;;;;2,7;;;;2,8;Cosechada;;;;
8071EFA;34;2,7;;2,8;Cosechada;;;;;;40;;;;
80721EC;42;2,5;;;;2,8;;3,1;Cosechada;;;;;;
80722C2;30;2,5;;;;2,5;;;;;;;;2,8;por
80722C9;42;2,7;;2,9;Cosechada;;;;;;;;;;
80722D7;42;;;;;2,5;;;;;;np5;;;
8073C47;49;3;Cosechada;;;;14280;;;;;;;;
8073E84;20;2,5;;;;;;;;;;;;2,9;por
8073EAC;43;;;;;2,5;;;;3;BARRO;2,9;Cosechada;;
8073ED2;43;2,6;;2,7;;2,8;Cosechada;;;;;;;;
8073EF0;43;2,6;;no rev;;2,9;Cosechada;;;;;;;;
807425E;20;;;;;2,7;;;;;;;;3;por
80A093A;37;;;;;;;2,8;Cosechada;;;;;;
80AEF71;29;2,7;;no rev;;2,9;;2,9;Cosechada;;;;;;
80AF0CE;20;2,9;Cosechada;;;;;;;;;;;;
80AF270;19;;;;;2,7;;;;;;2,8;Cosechada;;
80AF2B4;49;2,8;Cosechada;;;;;;;;;;;;
80AF2EA;29;2,5;;;;2,6;;;;2,8;;2,9;Cosechada;;
80AF348;28;2,6;;no rev;;2,5;;;;;;2,8;Cosechada;;
80AF36D;28;2,5;;;;2,7;;;;2,9;Cosechada;;;;
80AF3D2;29;2,6;;2,6;;2,6;;;;2,9;Cosechada;;;;
80AF712;49;2,6;;2,6;;2,8;;;;;;3;Cosechada;;
80B04D8;37;2,5;;;;2,8;;2,7;;3;Cosechada;;;;
80B06A4;50;2,5;;;;2,6;;;;2,9;Cosechada;;;;
80B09F2;42;2,5;;;;;;;;;;3;Cosechada;;
80B0DD3;43;2,3;;;;2,5;;;;2,8;BARRO;2,7;;2,8;por
80B0E38;20;2,6;;30-12-25; NP6 ;;;;;;;;;;
80B129E;43;2,8;Cosechada;;;;;;;;;;;;
80B1511;35;;;;;2,8;Cosechada;;;;;;;;
80B16DA;20;2,5;;;;;;;;2,9;Cosechada;;;;
80B19ED;43;2,5;;;;2,9;;2,8;Cosechada;;;;;;
80b1bb7;29;2,6;;;;2,8;;2,8;Cosechada;;;;;;
80B1C16;41;2,7;;2,7;;2,7;;;;3,1;;2,9;Cosechada;;
80B1D7C;42;;;;;2,8;Cosechada;;;;;;;;
80B1DAC;19;2,5;;;;2,7;;;;;;2,8;Cosechada;;
80B1E16;49;2,4;;;;2,9;;3;Cosechada;;;;;;
80B1F49;43;;;;;2,8;Cosechada;;;;;;;;
80B225A;29;2,6;;no rev;;2,7;;;Cosechada;;;;;;
80B241C;42;2,5;;;;2,8;;;;;;2,9;Cosechada;;
80B2BBF;20;2,5;;;;2,8;Cosechada;;;;;;;;
80B3239;49;2,5;;;;2,8;;3;Cosechada;;;;;;
810BB28;29;2,6;;2,6;;2,6;;;;;;;;2,8;por
810bbbc;23;2,3;;;;2,5;;;Cosechada;2,5;BARRO;2,8;Cosechada;;
810BC2C;29;2,5;;;;2,8;;;Cosechada;;;;;;
810bda0;50;2,7;;no rev;;2,8;;2,8;Cosechada;;;;;;
810be85;69;2,8;Cosechada;;;;;;;;;;;;
810be95;42;2,4;;;;2,6;;;;2,9;Cosechada;;;;
8250EE5;34;;;;;2,7;;;;;;3;Cosechada;;
82513D9;37;2,5;;;;2,8;;2,8;Cosechada;;;;;;
82514E5;35;;;;;3;Cosechada;;;;;;;;
82518AB;47;2,4;;;;2,6;;;;;;;;2,8;por
82519F3;28;2,5;;;;;;2,7;;;;2,9;Cosechada;;
8251B1F;28;;;;;;;2,8;Cosechada;;;;;;
8251B7C;44;2,8;Cosechada;;;;;;;;;;;;
8251E63;36;2,8;Cosechada;;;;;;;;;;;;
8251EA1;49;;;;;2,9;;3;Cosechada;;;;;;
8251EF0;50;2,7;;2,8;Cosechada;;;;;;;;;;
8251F6C;42;;;;;2,6;;;;;;;;2,9;por
8251F8B;42;2,7;;2,8;Cosechada;;;;;;;;;;
8251F9C;37;2,4;;;;2,6;;;;;;3;Cosechada;;
8251FFC;36;2,5;;;;2,8;Cosechada;;;;;;;;
825209F;35;;;;;2,6;;;;2,9;Cosechada;;;;
82520CD;41;2,3;;;;2,5;;;;3;Cosechada;;;;
82520E7;29;2,7;;2,8;Cosechada;;;;;;;;;;
82521C6;42;2,5;;;;2,7;;;;2,8;Cosechada;;;;
82521F2;27;;;2,5;;2,6;;;;;;;;2,8;por
825227C;69;2,9;Cosechada;;;;;;;;;;;;
82522B7;42;;;;;2,9;Cosechada;;;;;;;;
825233B;42;2,6;;2,7;;2,7;;;;3;Cosechada;;;;
825240E;50;2,8;Cosechada;;;;;;;;;;;;
825241C;36;;;;;2,6;;;;;;2,8;Cosechada;;
82524AB;36;2,7;;2,9;Cosechada;;;;;;;;;;
82524FD;50;;;;;2,6;;;;2,9;BARRO;;;2,8;por 
825251C;42;;;;;2,5;;;;;;;;3;por 
82525E2;41;;;;;2,8;Cosechada;;;;;;;;
82525E9;42;;;;;2,7;;;;;;2,8;Cosechada;;
825262A;42;2,5;;;;2,5;;;;2,9;BARRO;2,4;;2,9;por
825263C;28;2,3;;2,4;;2,5;;;;;;2,9;Cosechada;;
826CB10;26;;;;;2,6;;;;3;Cosechada;;;;
82A7374;35;;;;;2,9;Cosechada;;;;;;;;
82A7521;34;2,4;;;;2,8;Cosechada;;;;;;;;
82A7575;28;;;;;2,8;;;;3,1;Cosechada;;;;
82A7724;26;;;;;2,5;;;;;;;;2,7;
82A79C8;35;;;;;2,8;Cosechada;;;;;;;;
82A7A51;33;2,5;;;;2,6;;;;;;2,7;;2,7;
826CB5E;33;2,6;;2,8;Cosechada;;;;;;;;;;
82A7981-807219B;33;2,7;;2,8;Cosechada;;;;;;;;;;
82A75E3;50;2,8;Cosechada;;;;;;;;;;;;
82A699F;43;2,6;;2,8;Cosechada;;;;;;;;;;
7CF92EC;;;;;;2,9;;2,8;Cosechada;;;;;;
8071E12;;;;;;3;;2,9;Cosechada;;;;;;
82A7600;2 CHIP/BUSCAR;;;;;2,7;;;;;;;;2,9;por
8252512;;;;;;2,7;;;Cosechada;;;;;;
80B0E82;;;;;;2,9;Cosechada;;;;;;;;
80b207f;;;;;;;;;;;;3,2;Cosechada;;
8072afb;;;;;;;;;;;;;;2,8;por