pit_tag	fish_id	state	lot_name	current_pond	registration_time
80B0999	40931	alive	Victoria	SO3 - Carril 3	
80B0994	40927	alive	Victoria	SO3 - Carril 3	
80B0997	40901	dead	Victoria	N/D	
80B0996	40342	alive	Rosa	NC4 - Nor-Central 4	
80B099B	34871	alive	Iberia	NC5 - Nor-central 5	
80B0992	29870	alive	Fátima	NC1 - Nor-central 1	2023-11-24 12:11:00
80B099A	29835	alive	Fátima	NC1 - Nor-central 1	2023-11-24 12:11:00
80B099E	29532	alive	Fátima	NC1 - Nor-central 1	2023-11-21 12:11:00
80B0993	28284	alive	Fátima	NP2 - Nor-poniente 2	2023-09-25 15:09:00
807389C	23891	alive	Fátima	NC3 - Nor-Central 3	2023-07-18 15:07:00
80B099F	20514	alive	Fátima	NP3 - Nor-poniente 3	2023-05-12 16:05:00
80B099F_	15146	dead	Fátima	N/D	2023-02-22 20:02:00
80B0991	14114	dead	Fátima	N/D	2023-01-18 11:01:00
80B2111-1	13459	dead	Fátima	N/D	2023-01-03 17:01:00
80AF0523	11269	dead	Fátima	N/D	2022-10-26 19:10:00
80AF4CD-1	11009	dead	Fátima	N/D	2022-10-13 20:10:00
80B0E3B-1	10999	dead	Fátima	N/D	2022-10-13 19:10:00
80B1008-1	10491	dead	Fátima	N/D	2022-08-29 16:08:00
80B2E65-1	10062	dead	Celac	N/D	2022-07-25 19:07:00
80B0990	8207	dead	Fátima	N/D	2022-04-20 13:04:00
80B099D	8206	dead	Fátima	N/D	2022-04-20 13:04:00
128619	7082	dead	Fátima	N/D	2022-03-21 20:03:00
128613	7066	dead	Fátima	N/D	2022-03-21 20:03:00
128618	7060	dead	Fátima	N/D	2022-03-21 20:03:00
128617	7058	dead	Fátima	N/D	2022-03-21 20:03:00
128616	7057	dead	Fátima	N/D	2022-03-21 20:03:00
128615	7055	dead	Fátima	N/D	2022-03-21 20:03:00
128614	7053	dead	Fátima	N/D	2022-03-21 20:03:00
128612	6713	dead	Fátima	N/D	2022-03-15 20:03:00
128611	6712	dead	Fátima	N/D	2022-03-15 20:03:00
128610	6711	dead	Fátima	N/D	2022-03-15 20:03:00
810BC63	4791	alive	Guadalupe	SO5 - Carril 5	2021-11-30 20:11:00
80B13FA	4207	alive	Guadalupe	NP6 - Nor-poniente 6	2021-09-09 17:09:00
80B08FA	4094	alive	Iberia	SO5 - Carril 5	2021-08-21 19:08:00
80B0988_R	4076	alive	Guadalupe	NC3 - Nor-Central 3	2021-08-21 16:08:00
80B0F03	3980	alive	Celac	NC6 - Nor-central 6	2021-05-10 15:05:00
80B0DD7	3932	alive	Celac	NC6 - Nor-central 6	2021-04-18 01:04:00
80B122B	3879	alive	Celac	NC6 - Nor-central 6	2021-04-18 00:04:00
80B121C	3857	alive	Celac	NP6 - Nor-poniente 6	2021-04-17 22:04:00
80B0EC9	3826	alive	Celac	NC6 - Nor-central 6	2021-04-16 13:04:00
80B1270	3693	alive	Guadalupe	NC6 - Nor-central 6	2021-04-06 04:00:00
80B1191	3654	alive	Guadalupe	NC6 - Nor-central 6	2021-04-06 04:00:00
80B1282	3532	alive	Celac	SO5 - Carril 5	2021-04-01 19:04:00
80B1183	3517	alive	Celac	NC6 - Nor-central 6	2021-04-01 18:04:00
80B0E5C	3464	alive	Celac	NC6 - Nor-central 6	2021-03-30 19:03:00
80B0D0E	3440	alive	Celac	SO5 - Carril 5	2021-03-30 18:03:00
80B0C88	3427	alive	Celac	NC6 - Nor-central 6	2021-03-30 18:03:00
80B11BB	3413	alive	Celac	NC6 - Nor-central 6	2021-03-29 21:03:00
80B1307	3389	alive	Celac	SO5 - Carril 5	2021-03-29 20:03:00
80B13AD	3383	alive	Celac	SO5 - Carril 5	2021-03-29 20:03:00
810C061	3346	alive	Celac	NC6 - Nor-central 6	2021-03-29 18:03:00
810BE27	3340	alive	Celac	NP6 - Nor-poniente 6	2021-03-29 18:03:00
80B0E43	3271	alive	Celac	SO5 - Carril 5	2021-03-26 19:03:00
80B13B1	3262	alive	Celac	NC6 - Nor-central 6	2021-03-26 18:03:00
80B0CA8	3194	alive	Guadalupe	NC6 - Nor-central 6	2021-02-17 03:00:00
80B0EED	3165	alive	Guadalupe	NC6 - Nor-central 6	2021-02-16 03:00:00
80B0E24	3146	alive	Guadalupe	NC6 - Nor-central 6	2021-02-13 03:00:00
80B1142	3022	alive	Guadalupe	NC6 - Nor-central 6	2021-02-09 03:00:00
8080DE7	3017	alive	Guadalupe	NC6 - Nor-central 6	2021-02-09 03:00:00
80B10D4	3007	alive	Guadalupe	NC6 - Nor-central 6	2021-02-05 03:00:00
80B1341	2966	alive	Guadalupe	NC6 - Nor-central 6	2021-02-03 03:00:00
80B0965	2906	alive	Guadalupe	NC6 - Nor-central 6	2021-01-20 03:00:00
80B13D0	2827	alive	Guadalupe	NC6 - Nor-central 6	2021-01-18 03:00:00
80B0DD4	2791	alive	Guadalupe	NC6 - Nor-central 6	2021-01-15 03:00:00
810BDAE	2766	alive	Guadalupe	NC6 - Nor-central 6	2021-01-22 03:00:00
80B330A	2672	alive	Celac	NC6 - Nor-central 6	2020-11-24 03:00:00
80B0D14	2661	alive	Celac	SO5 - Carril 5	2020-11-23 03:00:00
810BD47	2630	alive	Guadalupe	NC4 - Nor-Central 4	2020-11-10 03:00:00
810BF28	2623	alive	Iberia	NC6 - Nor-central 6	2021-01-22 03:00:00
80B118D	2587	alive	Guadalupe	SO5 - Carril 5	2020-11-03 03:00:00
80B11FE	2585	alive	Guadalupe	NP6 - Nor-poniente 6	2020-11-03 03:00:00
80B12C7	2486	alive	Guadalupe	SO5 - Carril 5	2020-10-29 03:00:00
6310DE3	2482	alive	Guadalupe	SO5 - Carril 5	2020-10-29 03:00:00
6324E3B	2468	alive	Guadalupe	NC6 - Nor-central 6	2020-10-28 03:00:00
80B1250	2431	alive	Guadalupe	SO5 - Carril 5	2020-09-30 03:00:00
80B124A	2384	alive	Celac	NC6 - Nor-central 6	2020-09-28 03:00:00
80B0D9C	2367	alive	Celac	NP6 - Nor-poniente 6	2020-08-21 04:00:00
80B136D	2354	alive	Celac	SO5 - Carril 5	2020-08-21 04:00:00
80B0D3D	2310	alive	Celac	NC6 - Nor-central 6	2020-11-23 03:00:00
80B11C0	2293	alive	Guadalupe	SO5 - Carril 5	2020-08-17 04:00:00
80B13D6	2290	alive	Guadalupe	NC6 - Nor-central 6	2020-08-17 04:00:00
80B0E45	2288	alive	Guadalupe	NC6 - Nor-central 6	2020-08-17 04:00:00
80B139C	2283	alive	Celac	NC6 - Nor-central 6	2020-10-26 03:00:00
80B1308	2280	alive	Guadalupe	NC6 - Nor-central 6	2020-08-17 04:00:00
80B0E4C	2259	alive	Guadalupe	NC6 - Nor-central 6	2020-07-23 04:00:00
80B0F74	2235	alive	Guadalupe	NC6 - Nor-central 6	2020-07-08 04:00:00
80B0F9F	2215	alive	Guadalupe	SO5 - Carril 5	2020-06-19 04:00:00
80B0D81	2168	alive	Guadalupe	SO5 - Carril 5	2020-06-03 04:00:00
